{"behavior_structured_f1":1,"behavior_only_num_modalities":1,"graph_only_num_modalities":1,"_wandb":{"runtime":702},"_timestamp":1.748239416175213e+09,"graph_only_f1":1,"_runtime":702.421272,"ablation_results":{"size":47740,"path":"media/images/ablation_results_4_f582df03d0ccea67444b.png","format":"png","width":1200,"height":800,"_type":"image-file","sha256":"f582df03d0ccea67444b5e80c05d5d3b58d9d9a39122489162e2576db1d6b3bc"},"behavior_text_f1":1,"behavior_text_num_modalities":2,"behavior_structured_num_modalities":2,"_step":4,"behavior_only_f1":1}