{"multimodal_final_train_loss":0.1436883807182312,"multimodal_final_val_loss":0.019399138167500496,"random_forest_test_auc":NaN,"_runtime":947.348615,"_step":4,"random_forest_test_f1":0,"multimodal_best_val_f1":1,"_timestamp":1.7482226684421608e+09,"random_forest_feature_importance":{"size":51349,"path":"media/images/random_forest_feature_importance_1_015ac0a673efafc15c51.png","format":"png","width":1000,"height":800,"_type":"image-file","sha256":"015ac0a673efafc15c512a5b0dc03f70d3765a74a7b56123d7efbd8e8401406c"},"ablation_results":{"_type":"image-file","sha256":"e18a7c2316e64ed6fbee27296e1b86f10fe8b1a9b08f848f34f7b8167f4681a1","size":28492,"path":"media/images/ablation_results_4_e18a7c2316e64ed6fbee.png","format":"png","width":1200,"height":800},"_wandb":{"runtime":947},"multimodal_training_curves":{"height":1000,"_type":"image-file","sha256":"282d3961967d57c237b36553ee1769bf2dc78e0cb535f206aa1f84a7accc6eb7","size":79940,"path":"media/images/multimodal_training_curves_3_282d3961967d57c237b3.png","format":"png","width":1500},"random_forest_test_accuracy":1}