{"_wandb":{"runtime":145},"xgboost_test_f1":0,"random_forest_test_auc":NaN,"_timestamp":1.748220555597687e+09,"xgboost_test_auc":NaN,"random_forest_test_f1":0,"_runtime":125.817893,"xgboost_test_accuracy":1,"xgboost_feature_importance":{"size":51232,"path":"media/images/xgboost_feature_importance_3_d7ecdeadad7ede9688fc.png","format":"png","width":1000,"height":800,"_type":"image-file","sha256":"d7ecdeadad7ede9688fcf3bd7833877cf247563c9e2a23aeb061e9ca09e45bb0"},"_step":3,"random_forest_test_accuracy":1,"random_forest_feature_importance":{"_type":"image-file","sha256":"015ac0a673efafc15c512a5b0dc03f70d3765a74a7b56123d7efbd8e8401406c","size":51349,"path":"media/images/random_forest_feature_importance_1_015ac0a673efafc15c51.png","format":"png","width":1000,"height":800}}