{"multimodal_best_val_f1":1,"_wandb":{"runtime":132},"multimodal_final_val_loss":0.006017817533574998,"ablation_results":{"format":"png","width":1200,"height":800,"_type":"image-file","sha256":"e18a7c2316e64ed6fbee27296e1b86f10fe8b1a9b08f848f34f7b8167f4681a1","size":28492,"path":"media/images/ablation_results_4_e18a7c2316e64ed6fbee.png"},"multimodal_final_train_loss":0.03442331291735172,"_timestamp":1.7482332720586371e+09,"_step":4,"random_forest_test_auc":NaN,"random_forest_test_accuracy":1,"random_forest_test_f1":0,"multimodal_training_curves":{"format":"png","width":1500,"height":1000,"_type":"image-file","sha256":"359679b08056e74d9d7b33f7cf1d417e3680c0cc6b762e8225e7f3080b3a0885","size":81383,"path":"media/images/multimodal_training_curves_3_359679b08056e74d9d7b.png"},"_runtime":132.170289,"random_forest_feature_importance":{"format":"png","width":1000,"height":800,"_type":"image-file","sha256":"015ac0a673efafc15c512a5b0dc03f70d3765a74a7b56123d7efbd8e8401406c","size":51349,"path":"media/images/random_forest_feature_importance_1_015ac0a673efafc15c51.png"}}