{"smote_avg_f1":0,"imbalance_analysis":{"path":"media/images/imbalance_analysis_4_d2c0d71a2531cfbfed96.png","format":"png","width":1500,"height":600,"_type":"image-file","sha256":"d2c0d71a2531cfbfed96d590209d0706a52c1faa3629a8273a85826bcc714de1","size":29222},"_timestamp":1.748248830974028e+09,"random_undersample_avg_auc":NaN,"_wandb":{"runtime":23},"none_avg_f1":0,"_runtime":23.87446,"adasyn_avg_f1":0,"none_avg_auc":NaN,"_step":4,"smote_avg_auc":NaN,"adasyn_avg_auc":NaN,"random_undersample_avg_f1":0}