{"_runtime":107.180932,"_step":6,"_timestamp":1.748193634619935e+09,"xgboost_test_accuracy":1,"random_forest_feature_importance":{"height":800,"_type":"image-file","sha256":"feda7a642d1f174f84ba9799259ccfc026ffc04c7eed2a28eedaccd3bac69196","size":51366,"path":"media/images/random_forest_feature_importance_1_feda7a642d1f174f84ba.png","format":"png","width":1000},"random_forest_test_f1":1,"xgboost_test_f1":1,"multimodal_best_val_f1":1,"multimodal_final_train_loss":0.03622574917972088,"multimodal_training_curves":{"height":1000,"_type":"image-file","sha256":"3219ee360528fd0c51ecbda597ebabd988736f991db22e0447f1cd1b3daeed5a","size":80942,"path":"media/images/multimodal_training_curves_5_3219ee360528fd0c51ec.png","format":"png","width":1500},"_wandb":{"runtime":107},"xgboost_feature_importance":{"_type":"image-file","sha256":"dd57b25501b31cc6d8b79e4b9fd74f64c4eb10712abc38c510bec411334e12ec","size":51251,"path":"media/images/xgboost_feature_importance_3_dd57b25501b31cc6d8b7.png","format":"png","width":1000,"height":800},"random_forest_test_accuracy":1,"ablation_results":{"sha256":"0a57c3caaede6edbaae1e3023280c9f1b7681a36908aa80ccdd403698ad8916c","size":29953,"path":"media/images/ablation_results_6_0a57c3caaede6edbaae1.png","format":"png","width":1200,"height":800,"_type":"image-file"},"xgboost_test_auc":NaN,"random_forest_test_auc":0,"multimodal_final_val_loss":0.00531585980206728}