{"multimodal_training_curves":{"sha256":"278422d346f346471630fbc956495dd5f8b10f1c46159cfbb71f7aaf1e315dc9","size":97230,"path":"media/images/multimodal_training_curves_5_278422d346f346471630.png","format":"png","width":1500,"height":1000,"_type":"image-file"},"multimodal_final_val_loss":0.34646805269377573,"ablation_results":{"width":1200,"height":800,"_type":"image-file","sha256":"2f08608c6b7bb508a6200d30885d5e0ad7a5696881bd787dba20e8e777fa589c","size":34050,"path":"media/images/ablation_results_6_2f08608c6b7bb508a620.png","format":"png"},"multimodal_best_val_f1":0.8382010582010581,"random_forest_test_f1":0.795268817204301,"random_forest_feature_importance":{"format":"png","width":1000,"height":800,"_type":"image-file","sha256":"e63e939d7135b831a3ea7f4e095431cf0d5c8c119c40e1a9d7747c9804094842","size":52744,"path":"media/images/random_forest_feature_importance_1_e63e939d7135b831a3ea.png"},"xgboost_test_f1":0.7852173913043479,"_runtime":1482.662409,"_wandb":{"runtime":1482},"random_forest_test_accuracy":0.86,"multimodal_final_train_loss":0.4020201822644786,"xgboost_test_auc":0.573920265780731,"_timestamp":1.748226422872244e+09,"_step":6,"random_forest_test_auc":0.510797342192691,"xgboost_feature_importance":{"width":1000,"height":800,"_type":"image-file","sha256":"8c84d722be13512e30f4fe43c9b8df444f9a2fcb8b825a4a56ab2e919792d2be","size":52399,"path":"media/images/xgboost_feature_importance_3_8c84d722be13512e30f4.png","format":"png"},"xgboost_test_accuracy":0.84}