{"xgboost_test_auc":NaN,"random_forest_test_accuracy":1,"random_forest_test_auc":NaN,"xgboost_test_f1":0,"random_forest_test_f1":0,"xgboost_test_accuracy":1,"_wandb":{"runtime":257},"_timestamp":1.748220125791848e+09,"ablation_results":{"width":1200,"height":800,"_type":"image-file","sha256":"d495389d56dd7e552a5f6e3bba202f12fae12866258566b8c24c3c032ad89f67","size":30593,"path":"media/images/ablation_results_6_d495389d56dd7e552a5f.png","format":"png"},"multimodal_best_val_f1":1,"random_forest_feature_importance":{"_type":"image-file","sha256":"015ac0a673efafc15c512a5b0dc03f70d3765a74a7b56123d7efbd8e8401406c","size":51349,"path":"media/images/random_forest_feature_importance_1_015ac0a673efafc15c51.png","format":"png","width":1000,"height":800},"xgboost_feature_importance":{"height":800,"_type":"image-file","sha256":"d7ecdeadad7ede9688fcf3bd7833877cf247563c9e2a23aeb061e9ca09e45bb0","size":51232,"path":"media/images/xgboost_feature_importance_3_d7ecdeadad7ede9688fc.png","format":"png","width":1000},"_step":6,"multimodal_final_train_loss":0.0344027616083622,"multimodal_training_curves":{"width":1500,"height":1000,"_type":"image-file","sha256":"1719f3a5786f642f643d960b7352ee3d70f1b9763db3191260ee337988c1de87","size":79196,"path":"media/images/multimodal_training_curves_5_1719f3a5786f642f643d.png","format":"png"},"multimodal_final_val_loss":0.0040876297280192375,"_runtime":257.907631}