{"xgboost_feature_importance":{"_type":"image-file","sha256":"d7ecdeadad7ede9688fcf3bd7833877cf247563c9e2a23aeb061e9ca09e45bb0","size":51232,"path":"media/images/xgboost_feature_importance_3_d7ecdeadad7ede9688fc.png","format":"png","width":1000,"height":800},"random_forest_feature_importance":{"height":800,"_type":"image-file","sha256":"015ac0a673efafc15c512a5b0dc03f70d3765a74a7b56123d7efbd8e8401406c","size":51349,"path":"media/images/random_forest_feature_importance_1_015ac0a673efafc15c51.png","format":"png","width":1000},"xgboost_test_accuracy":1,"xgboost_test_f1":0,"random_forest_test_accuracy":1,"random_forest_test_f1":0,"_runtime":94.150059,"_step":3,"_wandb":{"runtime":166},"_timestamp":1.748221489883669e+09,"random_forest_test_auc":NaN,"xgboost_test_auc":NaN}