{"random_forest_test_f1":0,"random_forest_test_auc":NaN,"_runtime":796.534049,"xgboost_feature_importance":{"sha256":"d7ecdeadad7ede9688fcf3bd7833877cf247563c9e2a23aeb061e9ca09e45bb0","size":51232,"path":"media/images/xgboost_feature_importance_3_d7ecdeadad7ede9688fc.png","format":"png","width":1000,"height":800,"_type":"image-file"},"_wandb":{"runtime":796},"multimodal_training_curves":{"size":84283,"path":"media/images/multimodal_training_curves_5_412dc46acbef9ef561c4.png","format":"png","width":1500,"height":1000,"_type":"image-file","sha256":"412dc46acbef9ef561c49bd64bd4af5af6091ed06b729b97f0f1d23b8eaf9295"},"xgboost_test_auc":NaN,"ablation_results":{"height":800,"_type":"image-file","sha256":"d495389d56dd7e552a5f6e3bba202f12fae12866258566b8c24c3c032ad89f67","size":30593,"path":"media/images/ablation_results_6_d495389d56dd7e552a5f.png","format":"png","width":1200},"multimodal_final_val_loss":0.004246510565280914,"_timestamp":1.748224580664132e+09,"_step":6,"xgboost_test_accuracy":1,"random_forest_test_accuracy":1,"xgboost_test_f1":0,"multimodal_final_train_loss":0.02651201095432043,"multimodal_best_val_f1":1,"random_forest_feature_importance":{"format":"png","width":1000,"height":800,"_type":"image-file","sha256":"015ac0a673efafc15c512a5b0dc03f70d3765a74a7b56123d7efbd8e8401406c","size":51349,"path":"media/images/random_forest_feature_importance_1_015ac0a673efafc15c51.png"}}